ปีเดือน,รหัสจังหวัด,ชื่อจังหวัด,รหัสสำนักทะเบียน,ชื่อสำนักทะเบียน,รหัสตำบล,ชื่อตำบล,จำนวนประชากรชายทั้งหมด,จำนวนประชากรหญิงทั้งหมด,ผลรวมประชากรทั้งหมด,Calculated Total Population,Difference,Generation Z,Millennials,Generation X,Baby Boomers,Silent Generation
6705.0,50.0,จังหวัดเชียงใหม่,5001.0,อำเภอเมืองเชียงใหม่,500107.0,ตำบลช้างเผือก,"1,061","1,004",0.0,1936.0,-1936.0,113.0,508.0,394.0,321.0,80.0
6705.0,50.0,จังหวัดเชียงใหม่,5001.0,อำเภอเมืองเชียงใหม่,500116.0,ตำบลสันผีเสื้อ,"5,921","6,928",0.0,12565.0,-12565.0,470.0,2831.0,3307.0,3192.0,721.0
6705.0,50.0,จังหวัดเชียงใหม่,5002.0,อำเภอจอมทอง,500203.0,ตำบลบ้านหลวง,"6,803","6,897",0.0,13326.0,-13326.0,685.0,3203.0,3078.0,2618.0,686.0
6705.0,50.0,จังหวัดเชียงใหม่,5002.0,อำเภอจอมทอง,500204.0,ตำบลข่วงเปา,"2,915","3,054",0.0,5925.0,-5925.0,229.0,1284.0,1475.0,1594.0,410.0
6705.0,50.0,จังหวัดเชียงใหม่,5002.0,อำเภอจอมทอง,500205.0,ตำบลสบเตี๊ยะ,"5,506","6,089",0.0,11560.0,-11560.0,384.0,2208.0,2615.0,3702.0,1110.0
6705.0,50.0,จังหวัดเชียงใหม่,5002.0,อำเภอจอมทอง,500206.0,ตำบลบ้านแปะ,"5,906","6,130",0.0,12017.0,-12017.0,530.0,2543.0,2611.0,3204.0,847.0
6705.0,50.0,จังหวัดเชียงใหม่,5002.0,อำเภอจอมทอง,500207.0,ตำบลดอยแก้ว,"2,079","2,115",0.0,4182.0,-4182.0,210.0,976.0,1034.0,879.0,215.0
6705.0,50.0,จังหวัดเชียงใหม่,5002.0,อำเภอจอมทอง,500209.0,ตำบลแม่สอย,"4,576","4,660",0.0,9208.0,-9208.0,501.0,2055.0,2112.0,2217.0,573.0
6705.0,50.0,จังหวัดเชียงใหม่,5003.0,อำเภอแม่แจ่ม,500301.0,ตำบลช่างเคิ่ง,"3,787","3,806",0.0,7423.0,-7423.0,284.0,1495.0,1781.0,2083.0,561.0
6705.0,50.0,จังหวัดเชียงใหม่,5003.0,อำเภอแม่แจ่ม,500302.0,ตำบลท่าผา,"2,409","2,499",0.0,4861.0,-4861.0,222.0,989.0,1153.0,1336.0,406.0
6705.0,50.0,จังหวัดเชียงใหม่,5003.0,อำเภอแม่แจ่ม,500303.0,ตำบลบ้านทับ,"3,421","3,206",0.0,6590.0,-6590.0,486.0,2033.0,1329.0,867.0,231.0
6705.0,50.0,จังหวัดเชียงใหม่,5003.0,อำเภอแม่แจ่ม,500304.0,ตำบลแม่ศึก,"6,898","6,414",0.0,13070.0,-13070.0,948.0,3771.0,2592.0,1665.0,501.0
6705.0,50.0,จังหวัดเชียงใหม่,5003.0,อำเภอแม่แจ่ม,500305.0,ตำบลแม่นาจร,"5,811","5,601",0.0,11287.0,-11287.0,701.0,3063.0,2503.0,1795.0,479.0
6705.0,50.0,จังหวัดเชียงใหม่,5003.0,อำเภอแม่แจ่ม,500307.0,ตำบลปางหินฝน,"3,814","3,750",0.0,7532.0,-7532.0,535.0,2234.0,1487.0,961.0,298.0
6705.0,50.0,จังหวัดเชียงใหม่,5003.0,อำเภอแม่แจ่ม,500308.0,ตำบลกองแขก,"3,321","3,289",0.0,6531.0,-6531.0,378.0,1507.0,1605.0,1271.0,333.0
6705.0,50.0,จังหวัดเชียงใหม่,5004.0,อำเภอเชียงดาว,500401.0,ตำบลเชียงดาว,"6,884","7,208",0.0,10107.0,-10107.0,475.0,2282.0,2151.0,2736.0,614.0
6705.0,50.0,จังหวัดเชียงใหม่,5004.0,อำเภอเชียงดาว,500404.0,ตำบลแม่นะ,"4,846","5,034",0.0,8750.0,-8750.0,353.0,1708.0,1848.0,2668.0,673.0
6705.0,50.0,จังหวัดเชียงใหม่,5004.0,อำเภอเชียงดาว,500405.0,ตำบลเมืองคอง,"1,917","1,958",0.0,3448.0,-3448.0,191.0,720.0,812.0,768.0,215.0
6705.0,50.0,จังหวัดเชียงใหม่,5005.0,อำเภอดอยสะเก็ด,500503.0,ตำบลลวงเหนือ,"2,791","3,180",0.0,5897.0,-5897.0,211.0,1066.0,1461.0,1852.0,522.0
6705.0,50.0,จังหวัดเชียงใหม่,5005.0,อำเภอดอยสะเก็ด,500504.0,ตำบลป่าป้อง,"2,155","2,328",0.0,4375.0,-4375.0,149.0,892.0,984.0,1263.0,364.0
6705.0,50.0,จังหวัดเชียงใหม่,5005.0,อำเภอดอยสะเก็ด,500505.0,ตำบลสง่าบ้าน,959,"1,085",0.0,2023.0,-2023.0,64.0,348.0,479.0,664.0,233.0
6705.0,50.0,จังหวัดเชียงใหม่,5005.0,อำเภอดอยสะเก็ด,500506.0,ตำบลป่าลาน,"1,074","1,238",0.0,2280.0,-2280.0,80.0,482.0,558.0,659.0,160.0
6705.0,50.0,จังหวัดเชียงใหม่,5005.0,อำเภอดอยสะเก็ด,500507.0,ตำบลตลาดขวัญ,"2,014","2,519",0.0,4399.0,-4399.0,184.0,1067.0,1123.0,1115.0,291.0
6705.0,50.0,จังหวัดเชียงใหม่,5005.0,อำเภอดอยสะเก็ด,500508.0,ตำบลสำราญราษฎร์,"2,011","2,282",0.0,4201.0,-4201.0,151.0,999.0,940.0,1183.0,277.0
6705.0,50.0,จังหวัดเชียงใหม่,5005.0,อำเภอดอยสะเก็ด,500509.0,ตำบลแม่คือ,"3,125","3,525",0.0,6568.0,-6568.0,233.0,1561.0,1700.0,1685.0,350.0
6705.0,50.0,จังหวัดเชียงใหม่,5005.0,อำเภอดอยสะเก็ด,500510.0,ตำบลตลาดใหญ่,"1,619","1,849",0.0,3436.0,-3436.0,120.0,691.0,783.0,1126.0,290.0
6705.0,50.0,จังหวัดเชียงใหม่,5005.0,อำเภอดอยสะเก็ด,500511.0,ตำบลแม่ฮ้อยเงิน,"1,664","1,813",0.0,3458.0,-3458.0,103.0,704.0,786.0,1195.0,241.0
6705.0,50.0,จังหวัดเชียงใหม่,5005.0,อำเภอดอยสะเก็ด,500512.0,ตำบลแม่โป่ง,"2,684","2,838",0.0,5491.0,-5491.0,206.0,1099.0,1280.0,1832.0,311.0
6705.0,50.0,จังหวัดเชียงใหม่,5005.0,อำเภอดอยสะเก็ด,500513.0,ตำบลป่าเมี่ยง,"1,705","1,695",0.0,3317.0,-3317.0,141.0,680.0,776.0,1010.0,248.0
6705.0,50.0,จังหวัดเชียงใหม่,5005.0,อำเภอดอยสะเก็ด,500514.0,ตำบลเทพเสด็จ,900,845,0.0,1483.0,-1483.0,54.0,293.0,332.0,484.0,124.0
6705.0,50.0,จังหวัดเชียงใหม่,5006.0,อำเภอแม่แตง,500602.0,ตำบลแม่แตง,"2,486","2,417",0.0,3736.0,-3736.0,157.0,699.0,877.0,1206.0,289.0
6705.0,50.0,จังหวัดเชียงใหม่,5006.0,อำเภอแม่แตง,500603.0,ตำบลขี้เหล็ก,"4,642","5,007",0.0,7568.0,-7568.0,341.0,1568.0,1737.0,2046.0,480.0
6705.0,50.0,จังหวัดเชียงใหม่,5006.0,อำเภอแม่แตง,500605.0,ตำบลแม่หอพระ,"2,562","2,739",0.0,5157.0,-5157.0,158.0,1012.0,1176.0,1794.0,393.0
6705.0,50.0,จังหวัดเชียงใหม่,5006.0,อำเภอแม่แตง,500606.0,ตำบลสบเปิง,"3,757","3,817",0.0,7122.0,-7122.0,287.0,1469.0,1600.0,2024.0,448.0
6705.0,50.0,จังหวัดเชียงใหม่,5006.0,อำเภอแม่แตง,500607.0,ตำบลบ้านเป้า,"2,033","2,153",0.0,3641.0,-3641.0,146.0,733.0,807.0,1156.0,221.0
6705.0,50.0,จังหวัดเชียงใหม่,5006.0,อำเภอแม่แตง,500608.0,ตำบลสันป่ายาง,"2,561","2,694",0.0,3402.0,-3402.0,104.0,675.0,733.0,1146.0,250.0
6705.0,50.0,จังหวัดเชียงใหม่,5006.0,อำเภอแม่แตง,500609.0,ตำบลป่าแป๋,"3,068","2,943",0.0,5505.0,-5505.0,260.0,1115.0,1340.0,1515.0,363.0
6705.0,50.0,จังหวัดเชียงใหม่,5006.0,อำเภอแม่แตง,500610.0,ตำบลเมืองก๋าย,879,828,0.0,1539.0,-1539.0,78.0,328.0,307.0,394.0,88.0
6705.0,50.0,จังหวัดเชียงใหม่,5006.0,อำเภอแม่แตง,500611.0,ตำบลบ้านช้าง,"2,119","2,129",0.0,3257.0,-3257.0,194.0,702.0,767.0,804.0,171.0
6705.0,50.0,จังหวัดเชียงใหม่,5006.0,อำเภอแม่แตง,500612.0,ตำบลกื้ดช้าง,"2,856","2,734",0.0,5142.0,-5142.0,305.0,1261.0,1188.0,1000.0,244.0
6705.0,50.0,จังหวัดเชียงใหม่,5006.0,อำเภอแม่แตง,500613.0,ตำบลอินทขิล,"2,614","2,627",0.0,4036.0,-4036.0,215.0,916.0,825.0,914.0,243.0
6705.0,50.0,จังหวัดเชียงใหม่,5007.0,อำเภอแม่ริม,500702.0,ตำบลริมเหนือ,"2,971","2,857",0.0,3641.0,-3641.0,132.0,917.0,828.0,1066.0,275.0
6705.0,50.0,จังหวัดเชียงใหม่,5007.0,อำเภอแม่ริม,500703.0,ตำบลสันโป่ง,"5,042","5,927",0.0,10803.0,-10803.0,411.0,2047.0,2609.0,3246.0,849.0
6705.0,50.0,จังหวัดเชียงใหม่,5007.0,อำเภอแม่ริม,500704.0,ตำบลขี้เหล็ก,"3,660","3,887",0.0,7417.0,-7417.0,293.0,1407.0,1741.0,2333.0,592.0
6705.0,50.0,จังหวัดเชียงใหม่,5007.0,อำเภอแม่ริม,500705.0,ตำบลสะลวง,"2,390","2,448",0.0,4549.0,-4549.0,183.0,928.0,1028.0,1306.0,348.0
6705.0,50.0,จังหวัดเชียงใหม่,5007.0,อำเภอแม่ริม,500706.0,ตำบลห้วยทราย,"2,371","2,518",0.0,4407.0,-4407.0,195.0,777.0,1074.0,1338.0,384.0
6705.0,50.0,จังหวัดเชียงใหม่,5007.0,อำเภอแม่ริม,500707.0,ตำบลแม่แรม,"4,881","5,187",0.0,9130.0,-9130.0,427.0,2099.0,1948.0,1965.0,438.0
6705.0,50.0,จังหวัดเชียงใหม่,5007.0,อำเภอแม่ริม,500708.0,ตำบลโป่งแยง,"5,694","5,619",0.0,9130.0,-9130.0,592.0,2262.0,1880.0,1609.0,312.0
6705.0,50.0,จังหวัดเชียงใหม่,5007.0,อำเภอแม่ริม,500709.0,ตำบลแม่สา,"2,859","2,985",0.0,5740.0,-5740.0,234.0,1428.0,1290.0,1612.0,411.0
6705.0,50.0,จังหวัดเชียงใหม่,5007.0,อำเภอแม่ริม,500710.0,ตำบลดอนแก้ว,"7,995","8,010",0.0,15623.0,-15623.0,1427.0,3933.0,3294.0,3520.0,904.0
6705.0,50.0,จังหวัดเชียงใหม่,5007.0,อำเภอแม่ริม,500711.0,ตำบลเหมืองแก้ว,"3,239","3,835",0.0,6806.0,-6806.0,275.0,1447.0,1638.0,1976.0,445.0
6705.0,50.0,จังหวัดเชียงใหม่,5008.0,อำเภอสะเมิง,500802.0,ตำบลสะเมิงเหนือ,"1,572","1,515",0.0,3022.0,-3022.0,110.0,496.0,744.0,1017.0,261.0
6705.0,50.0,จังหวัดเชียงใหม่,5008.0,อำเภอสะเมิง,500803.0,ตำบลแม่สาบ,"1,636","1,601",0.0,3213.0,-3213.0,147.0,631.0,708.0,930.0,287.0
6705.0,50.0,จังหวัดเชียงใหม่,5008.0,อำเภอสะเมิง,500804.0,ตำบลบ่อแก้ว,"4,282","4,114",0.0,8179.0,-8179.0,460.0,2006.0,1834.0,1395.0,369.0
6705.0,50.0,จังหวัดเชียงใหม่,5008.0,อำเภอสะเมิง,500805.0,ตำบลยั้งเมิน,"1,813","1,759",0.0,3558.0,-3558.0,185.0,757.0,844.0,814.0,244.0
6705.0,50.0,จังหวัดเชียงใหม่,5009.0,อำเภอฝาง,500901.0,ตำบลเวียง,"9,962","9,966",0.0,14608.0,-14608.0,809.0,3170.0,3073.0,3530.0,682.0
6705.0,50.0,จังหวัดเชียงใหม่,5009.0,อำเภอฝาง,500903.0,ตำบลม่อนปิ่น,"10,664","10,876",0.0,12273.0,-12273.0,913.0,3070.0,2010.0,2248.0,519.0
6705.0,50.0,จังหวัดเชียงใหม่,5009.0,อำเภอฝาง,500904.0,ตำบลแม่งอน,"8,363","8,325",0.0,11182.0,-11182.0,715.0,2765.0,2057.0,2674.0,436.0
6705.0,50.0,จังหวัดเชียงใหม่,5009.0,อำเภอฝาง,500905.0,ตำบลแม่สูน,"7,129","7,293",0.0,11640.0,-11640.0,570.0,2317.0,2340.0,3522.0,850.0
6705.0,50.0,จังหวัดเชียงใหม่,5009.0,อำเภอฝาง,500906.0,ตำบลสันทราย,"5,304","5,729",0.0,10226.0,-10226.0,398.0,1946.0,2235.0,3278.0,871.0
6705.0,50.0,จังหวัดเชียงใหม่,5009.0,อำเภอฝาง,500910.0,ตำบลแม่คะ,"7,464","7,474",0.0,11680.0,-11680.0,640.0,2599.0,2331.0,2756.0,571.0
6705.0,50.0,จังหวัดเชียงใหม่,5009.0,อำเภอฝาง,500911.0,ตำบลแม่ข่า,"3,700","3,933",0.0,6672.0,-6672.0,271.0,1326.0,1345.0,2067.0,509.0
6705.0,50.0,จังหวัดเชียงใหม่,5009.0,อำเภอฝาง,500912.0,ตำบลโป่งน้ำร้อน,"3,166","3,193",0.0,4197.0,-4197.0,244.0,897.0,830.0,1117.0,208.0
6705.0,50.0,จังหวัดเชียงใหม่,5010.0,อำเภอแม่อาย,501001.0,ตำบลแม่อาย,"2,164","2,047",0.0,2864.0,-2864.0,215.0,674.0,520.0,416.0,99.0
6705.0,50.0,จังหวัดเชียงใหม่,5010.0,อำเภอแม่อาย,501002.0,ตำบลแม่สาว,"6,137","6,334",0.0,10459.0,-10459.0,527.0,2193.0,1957.0,2761.0,616.0
6705.0,50.0,จังหวัดเชียงใหม่,5010.0,อำเภอแม่อาย,501003.0,ตำบลสันต้นหมื้อ,"2,945","3,134",0.0,5473.0,-5473.0,212.0,1010.0,1161.0,1908.0,437.0
6705.0,50.0,จังหวัดเชียงใหม่,5010.0,อำเภอแม่อาย,501004.0,ตำบลแม่นาวาง,"7,661","7,531",0.0,13326.0,-13326.0,804.0,2918.0,2641.0,2835.0,716.0
6705.0,50.0,จังหวัดเชียงใหม่,5010.0,อำเภอแม่อาย,501005.0,ตำบลท่าตอน,"10,865","10,941",0.0,17504.0,-17504.0,1078.0,4346.0,3611.0,2998.0,667.0
6705.0,50.0,จังหวัดเชียงใหม่,5010.0,อำเภอแม่อาย,501006.0,ตำบลบ้านหลวง,"3,913","3,867",0.0,6904.0,-6904.0,438.0,1530.0,1397.0,1470.0,316.0
6705.0,50.0,จังหวัดเชียงใหม่,5010.0,อำเภอแม่อาย,501007.0,ตำบลมะลิกา,455,419,874.0,535.0,339.0,38.0,116.0,97.0,94.0,43.0
6705.0,50.0,จังหวัดเชียงใหม่,5011.0,อำเภอพร้าว,501103.0,ตำบลป่าตุ้ม,"2,547","2,666",0.0,5150.0,-5150.0,241.0,1070.0,1154.0,1426.0,358.0
6705.0,50.0,จังหวัดเชียงใหม่,5011.0,อำเภอพร้าว,501104.0,ตำบลป่าไหน่,"2,124","2,146",0.0,4108.0,-4108.0,171.0,844.0,817.0,1308.0,324.0
6705.0,50.0,จังหวัดเชียงใหม่,5011.0,อำเภอพร้าว,501105.0,ตำบลสันทราย,"3,028","3,106",0.0,6081.0,-6081.0,258.0,1233.0,1348.0,1850.0,439.0
6705.0,50.0,จังหวัดเชียงใหม่,5011.0,อำเภอพร้าว,501106.0,ตำบลบ้านโป่ง,"1,687","1,783",0.0,3458.0,-3458.0,112.0,648.0,733.0,1277.0,278.0
6705.0,50.0,จังหวัดเชียงใหม่,5011.0,อำเภอพร้าว,501107.0,ตำบลน้ำแพร่,"1,564","1,657",0.0,3072.0,-3072.0,110.0,626.0,677.0,903.0,259.0
6705.0,50.0,จังหวัดเชียงใหม่,5011.0,อำเภอพร้าว,501108.0,ตำบลเขื่อนผาก,"2,204","2,302",0.0,4390.0,-4390.0,150.0,891.0,864.0,1556.0,364.0
6705.0,50.0,จังหวัดเชียงใหม่,5011.0,อำเภอพร้าว,501109.0,ตำบลแม่แวน,"2,517","2,562",0.0,5008.0,-5008.0,195.0,1106.0,1057.0,1469.0,403.0
6705.0,50.0,จังหวัดเชียงใหม่,5011.0,อำเภอพร้าว,501111.0,ตำบลโหล่งขอด,"2,184","2,178",0.0,4339.0,-4339.0,151.0,767.0,873.0,1682.0,379.0
6705.0,50.0,จังหวัดเชียงใหม่,5012.0,อำเภอสันป่าตอง,501201.0,ตำบลยุหว่า,"4,645","5,349",0.0,9760.0,-9760.0,367.0,1862.0,2177.0,3098.0,898.0
6705.0,50.0,จังหวัดเชียงใหม่,5012.0,อำเภอสันป่าตอง,501202.0,ตำบลสันกลาง,"2,926","3,209",0.0,6045.0,-6045.0,230.0,1297.0,1472.0,1706.0,435.0
6705.0,50.0,จังหวัดเชียงใหม่,5012.0,อำเภอสันป่าตอง,501203.0,ตำบลท่าวังพร้าว,808,887,0.0,1692.0,-1692.0,63.0,336.0,344.0,557.0,201.0
6705.0,50.0,จังหวัดเชียงใหม่,5012.0,อำเภอสันป่าตอง,501204.0,ตำบลมะขามหลวง,"2,206","2,558",0.0,4747.0,-4747.0,140.0,916.0,965.0,1612.0,509.0
6705.0,50.0,จังหวัดเชียงใหม่,5012.0,อำเภอสันป่าตอง,501205.0,ตำบลแม่ก๊า,"3,234","3,695",0.0,6901.0,-6901.0,216.0,1377.0,1464.0,2316.0,674.0
6705.0,50.0,จังหวัดเชียงใหม่,5012.0,อำเภอสันป่าตอง,501206.0,ตำบลบ้านแม,"2,877","3,323",0.0,6179.0,-6179.0,181.0,1098.0,1387.0,2053.0,670.0
6705.0,50.0,จังหวัดเชียงใหม่,5012.0,อำเภอสันป่าตอง,501207.0,ตำบลบ้านกลาง,"1,639","1,975",0.0,3599.0,-3599.0,111.0,688.0,741.0,1245.0,364.0
6705.0,50.0,จังหวัดเชียงใหม่,5012.0,อำเภอสันป่าตอง,501208.0,ตำบลทุ่งสะโตก,"2,822","3,149",0.0,5940.0,-5940.0,226.0,1179.0,1188.0,2115.0,435.0
6705.0,50.0,จังหวัดเชียงใหม่,5012.0,อำเภอสันป่าตอง,501210.0,ตำบลทุ่งต้อม,"2,291","2,788",0.0,5054.0,-5054.0,173.0,916.0,1086.0,1705.0,542.0
6705.0,50.0,จังหวัดเชียงใหม่,5012.0,อำเภอสันป่าตอง,501214.0,ตำบลน้ำบ่อหลวง,"2,409","2,622",0.0,4992.0,-4992.0,179.0,917.0,1159.0,1642.0,446.0
6705.0,50.0,จังหวัดเชียงใหม่,5012.0,อำเภอสันป่าตอง,501215.0,ตำบลมะขุนหวาน,"1,528","1,724",0.0,3240.0,-3240.0,103.0,588.0,659.0,1154.0,327.0
6705.0,50.0,จังหวัดเชียงใหม่,5013.0,อำเภอสันกำแพง,501301.0,ตำบลสันกำแพง,"3,326","3,929",0.0,7038.0,-7038.0,216.0,1774.0,1868.0,1595.0,313.0
6705.0,50.0,จังหวัดเชียงใหม่,5013.0,อำเภอสันกำแพง,501303.0,ตำบลร้องวัวแดง,"2,678","2,952",0.0,5600.0,-5600.0,204.0,1097.0,1201.0,1941.0,399.0
6705.0,50.0,จังหวัดเชียงใหม่,5013.0,อำเภอสันกำแพง,501305.0,ตำบลแช่ช้าง,"2,388","2,677",0.0,5014.0,-5014.0,171.0,1096.0,1060.0,1696.0,342.0
6705.0,50.0,จังหวัดเชียงใหม่,5013.0,อำเภอสันกำแพง,501306.0,ตำบลออนใต้,"2,617","2,724",0.0,5289.0,-5289.0,178.0,1048.0,1115.0,1829.0,370.0
6705.0,50.0,จังหวัดเชียงใหม่,5013.0,อำเภอสันกำแพง,501310.0,ตำบลแม่ปูคา,"2,886","3,269",0.0,6124.0,-6124.0,188.0,1426.0,1391.0,1850.0,424.0
6705.0,50.0,จังหวัดเชียงใหม่,5013.0,อำเภอสันกำแพง,501311.0,ตำบลห้วยทราย,"2,798","3,136",0.0,5890.0,-5890.0,193.0,1156.0,1253.0,2083.0,442.0
6705.0,50.0,จังหวัดเชียงใหม่,5013.0,อำเภอสันกำแพง,501313.0,ตำบลสันกลาง,"3,941","4,727",0.0,8550.0,-8550.0,309.0,1740.0,2249.0,2380.0,485.0
6705.0,50.0,จังหวัดเชียงใหม่,5014.0,อำเภอสันทราย,501405.0,ตำบลสันป่าเปา,"2,258","2,646",0.0,4753.0,-4753.0,205.0,1060.0,1177.0,1294.0,325.0
6705.0,50.0,จังหวัดเชียงใหม่,5014.0,อำเภอสันทราย,501406.0,ตำบลหนองแหย่ง,"3,108","3,297",0.0,6171.0,-6171.0,253.0,1272.0,1419.0,1772.0,416.0
6705.0,50.0,จังหวัดเชียงใหม่,5014.0,อำเภอสันทราย,501408.0,ตำบลหนองหาร,"3,051","3,497",0.0,6254.0,-6254.0,291.0,1503.0,1597.0,1459.0,285.0
6705.0,50.0,จังหวัดเชียงใหม่,5014.0,อำเภอสันทราย,501411.0,ตำบลเมืองเล็น,"1,988","2,332",0.0,3465.0,-3465.0,158.0,769.0,804.0,951.0,190.0
6705.0,50.0,จังหวัดเชียงใหม่,5015.0,อำเภอหางดง,501501.0,ตำบลหางดง,"2,037","2,422",0.0,4267.0,-4267.0,179.0,1001.0,1115.0,1124.0,231.0
6705.0,50.0,จังหวัดเชียงใหม่,5015.0,อำเภอหางดง,501502.0,ตำบลหนองแก๋ว,"2,851","3,164",0.0,5917.0,-5917.0,194.0,1376.0,1375.0,1770.0,362.0
6705.0,50.0,จังหวัดเชียงใหม่,5015.0,อำเภอหางดง,501503.0,ตำบลหารแก้ว,"2,804","3,142",0.0,5892.0,-5892.0,197.0,1176.0,1396.0,1914.0,445.0
6705.0,50.0,จังหวัดเชียงใหม่,5015.0,อำเภอหางดง,501505.0,ตำบลขุนคง,"2,552","2,885",0.0,5346.0,-5346.0,215.0,1119.0,1250.0,1618.0,302.0
6705.0,50.0,จังหวัดเชียงใหม่,5015.0,อำเภอหางดง,501506.0,ตำบลสบแม่ข่า,"1,255","1,291",0.0,2502.0,-2502.0,104.0,530.0,598.0,735.0,138.0
6705.0,50.0,จังหวัดเชียงใหม่,5015.0,อำเภอหางดง,501507.0,ตำบลบ้านแหวน,"5,455","6,388",0.0,11572.0,-11572.0,419.0,2401.0,3027.0,3266.0,723.0
6705.0,50.0,จังหวัดเชียงใหม่,5015.0,อำเภอหางดง,501508.0,ตำบลสันผักหวาน,"8,407","10,062",0.0,18075.0,-18075.0,649.0,4363.0,5189.0,4007.0,769.0
6705.0,50.0,จังหวัดเชียงใหม่,5015.0,อำเภอหางดง,501509.0,ตำบลหนองควาย,"5,253","6,042",0.0,10949.0,-10949.0,380.0,2243.0,2806.0,3205.0,717.0
6705.0,50.0,จังหวัดเชียงใหม่,5015.0,อำเภอหางดง,501510.0,ตำบลบ้านปง,"2,676","2,724",0.0,5313.0,-5313.0,267.0,1199.0,1266.0,1202.0,256.0
6705.0,50.0,จังหวัดเชียงใหม่,5015.0,อำเภอหางดง,501511.0,ตำบลน้ำแพร่,"3,805","4,117",0.0,7701.0,-7701.0,299.0,1684.0,1933.0,2119.0,422.0
6705.0,50.0,จังหวัดเชียงใหม่,5016.0,อำเภอฮอด,501601.0,ตำบลหางดง,"2,161","2,327",0.0,4451.0,-4451.0,270.0,1018.0,983.0,1030.0,281.0
6705.0,50.0,จังหวัดเชียงใหม่,5016.0,อำเภอฮอด,501602.0,ตำบลฮอด,"1,463","1,564",0.0,3018.0,-3018.0,156.0,560.0,788.0,789.0,237.0
6705.0,50.0,จังหวัดเชียงใหม่,5016.0,อำเภอฮอด,501603.0,ตำบลบ้านตาล,"2,535","2,503",0.0,5022.0,-5022.0,253.0,1014.0,1113.0,1414.0,401.0
6705.0,50.0,จังหวัดเชียงใหม่,5016.0,อำเภอฮอด,501605.0,ตำบลบ่อสลี,"3,956","3,947",0.0,7856.0,-7856.0,434.0,1956.0,1690.0,1518.0,423.0
6705.0,50.0,จังหวัดเชียงใหม่,5016.0,อำเภอฮอด,501606.0,ตำบลนาคอเรือ,"2,306","2,346",0.0,4644.0,-4644.0,231.0,992.0,1172.0,1030.0,315.0
6705.0,50.0,จังหวัดเชียงใหม่,5017.0,อำเภอดอยเต่า,501701.0,ตำบลดอยเต่า,"2,927","3,097",0.0,6020.0,-6020.0,193.0,1187.0,1212.0,1954.0,674.0
6705.0,50.0,จังหวัดเชียงใหม่,5017.0,อำเภอดอยเต่า,501702.0,ตำบลท่าเดื่อ,719,664,0.0,1374.0,-1374.0,69.0,296.0,358.0,297.0,92.0
6705.0,50.0,จังหวัดเชียงใหม่,5017.0,อำเภอดอยเต่า,501703.0,ตำบลมืดกา,474,512,986.0,985.0,1.0,72.0,288.0,191.0,127.0,40.0
6705.0,50.0,จังหวัดเชียงใหม่,5017.0,อำเภอดอยเต่า,501704.0,ตำบลบ้านแอ่น,"1,229","1,252",0.0,2478.0,-2478.0,95.0,460.0,493.0,790.0,265.0
6705.0,50.0,จังหวัดเชียงใหม่,5017.0,อำเภอดอยเต่า,501705.0,ตำบลบงตัน,"2,425","2,524",0.0,4942.0,-4942.0,265.0,1019.0,1301.0,1077.0,345.0
6705.0,50.0,จังหวัดเชียงใหม่,5017.0,อำเภอดอยเต่า,501706.0,ตำบลโปงทุ่ง,"3,362","3,292",0.0,6633.0,-6633.0,341.0,1365.0,1756.0,1546.0,460.0
6705.0,50.0,จังหวัดเชียงใหม่,5018.0,อำเภออมก๋อย,501801.0,ตำบลอมก๋อย,"7,767","7,894",0.0,15572.0,-15572.0,1031.0,4271.0,3301.0,2281.0,710.0
6705.0,50.0,จังหวัดเชียงใหม่,5018.0,อำเภออมก๋อย,501802.0,ตำบลยางเปียง,"5,136","5,081",0.0,10176.0,-10176.0,798.0,2730.0,1889.0,1363.0,398.0
6705.0,50.0,จังหวัดเชียงใหม่,5018.0,อำเภออมก๋อย,501803.0,ตำบลแม่ตื่น,"5,511","5,449",0.0,10822.0,-10822.0,969.0,2944.0,1851.0,1305.0,512.0
6705.0,50.0,จังหวัดเชียงใหม่,5018.0,อำเภออมก๋อย,501804.0,ตำบลม่อนจอง,"2,897","2,985",0.0,5848.0,-5848.0,373.0,1461.0,1349.0,938.0,306.0
6705.0,50.0,จังหวัดเชียงใหม่,5018.0,อำเภออมก๋อย,501805.0,ตำบลแม่หลอง,"4,404","4,103",0.0,8491.0,-8491.0,891.0,2225.0,1258.0,822.0,404.0
6705.0,50.0,จังหวัดเชียงใหม่,5018.0,อำเภออมก๋อย,501806.0,ตำบลนาเกียน,"5,631","5,408",0.0,11023.0,-11023.0,1160.0,3140.0,1830.0,1238.0,451.0
6705.0,50.0,จังหวัดเชียงใหม่,5019.0,อำเภอสารภี,501904.0,ตำบลไชยสถาน,"3,164","3,558",0.0,6497.0,-6497.0,225.0,1422.0,1667.0,1738.0,323.0
6705.0,50.0,จังหวัดเชียงใหม่,5019.0,อำเภอสารภี,501905.0,ตำบลขัวมุง,"2,817","3,188",0.0,5915.0,-5915.0,191.0,1265.0,1324.0,1888.0,442.0
6705.0,50.0,จังหวัดเชียงใหม่,5019.0,อำเภอสารภี,501906.0,ตำบลหนองแฝก,"3,170","3,536",0.0,6608.0,-6608.0,215.0,1595.0,1493.0,1860.0,537.0
6705.0,50.0,จังหวัดเชียงใหม่,5019.0,อำเภอสารภี,501908.0,ตำบลท่ากว้าง,"1,314","1,539",0.0,2834.0,-2834.0,97.0,556.0,621.0,922.0,259.0
6705.0,50.0,จังหวัดเชียงใหม่,5019.0,อำเภอสารภี,501909.0,ตำบลดอนแก้ว,"2,427","2,961",0.0,5286.0,-5286.0,161.0,1440.0,1170.0,1408.0,288.0
6705.0,50.0,จังหวัดเชียงใหม่,5019.0,อำเภอสารภี,501910.0,ตำบลท่าวังตาล,"5,529","6,560",0.0,11908.0,-11908.0,425.0,2959.0,2885.0,3126.0,721.0
6705.0,50.0,จังหวัดเชียงใหม่,5019.0,อำเภอสารภี,501911.0,ตำบลสันทราย,"2,327","2,632",0.0,4940.0,-4940.0,170.0,1047.0,1017.0,1744.0,358.0
6705.0,50.0,จังหวัดเชียงใหม่,5019.0,อำเภอสารภี,501912.0,ตำบลป่าบง,"2,370","2,629",0.0,4635.0,-4635.0,157.0,963.0,1146.0,1370.0,243.0
6705.0,50.0,จังหวัดเชียงใหม่,5020.0,อำเภอเวียงแหง,502001.0,ตำบลเมืองแหง,"8,494","8,055",0.0,8376.0,-8376.0,574.0,1767.0,1773.0,1578.0,365.0
6705.0,50.0,จังหวัดเชียงใหม่,5020.0,อำเภอเวียงแหง,502002.0,ตำบลเปียงหลวง,"13,097","13,012",0.0,8981.0,-8981.0,834.0,2433.0,1484.0,846.0,145.0
6705.0,50.0,จังหวัดเชียงใหม่,5020.0,อำเภอเวียงแหง,502003.0,ตำบลแสนไห,"5,856","5,752",0.0,2677.0,-2677.0,194.0,518.0,454.0,539.0,127.0
6705.0,50.0,จังหวัดเชียงใหม่,5021.0,อำเภอไชยปราการ,502101.0,ตำบลปงตำ,73,22,95.0,0.0,95.0,0.0,0.0,0.0,0.0,0.0
6705.0,50.0,จังหวัดเชียงใหม่,5021.0,อำเภอไชยปราการ,502102.0,ตำบลศรีดงเย็น,"5,876","5,725",0.0,7561.0,-7561.0,403.0,1667.0,1630.0,1930.0,383.0
6705.0,50.0,จังหวัดเชียงใหม่,5021.0,อำเภอไชยปราการ,502103.0,ตำบลแม่ทะลบ,"3,980","3,970",0.0,7266.0,-7266.0,377.0,1522.0,1487.0,1784.0,401.0
6705.0,50.0,จังหวัดเชียงใหม่,5021.0,อำเภอไชยปราการ,502104.0,ตำบลหนองบัว,"7,682","7,954",0.0,8846.0,-8846.0,669.0,2304.0,1738.0,1514.0,296.0
6705.0,50.0,จังหวัดเชียงใหม่,5022.0,อำเภอแม่วาง,502201.0,ตำบลบ้านกาด,"1,302","1,352",0.0,2459.0,-2459.0,75.0,537.0,500.0,899.0,149.0
6705.0,50.0,จังหวัดเชียงใหม่,5022.0,อำเภอแม่วาง,502202.0,ตำบลทุ่งปี๊,"2,091","2,226",0.0,4261.0,-4261.0,113.0,813.0,865.0,1538.0,417.0
6705.0,50.0,จังหวัดเชียงใหม่,5022.0,อำเภอแม่วาง,502203.0,ตำบลทุ่งรวงทอง,"1,045","1,155",0.0,2178.0,-2178.0,56.0,388.0,439.0,803.0,269.0
6705.0,50.0,จังหวัดเชียงใหม่,5022.0,อำเภอแม่วาง,502204.0,ตำบลแม่วิน,"6,646","6,408",0.0,12956.0,-12956.0,750.0,3465.0,2926.0,2056.0,472.0
6705.0,50.0,จังหวัดเชียงใหม่,5022.0,อำเภอแม่วาง,502205.0,ตำบลดอนเปา,"2,560","2,704",0.0,5137.0,-5137.0,231.0,1056.0,1202.0,1494.0,396.0
6705.0,50.0,จังหวัดเชียงใหม่,5023.0,อำเภอแม่ออน,502301.0,ตำบลออนเหนือ,"1,568","1,601",0.0,3134.0,-3134.0,91.0,624.0,703.0,1037.0,263.0
6705.0,50.0,จังหวัดเชียงใหม่,5023.0,อำเภอแม่ออน,502302.0,ตำบลออนกลาง,"2,337","2,394",0.0,4569.0,-4569.0,145.0,877.0,1044.0,1531.0,349.0
6705.0,50.0,จังหวัดเชียงใหม่,5023.0,อำเภอแม่ออน,502303.0,ตำบลบ้านสหกรณ์,"1,649","1,812",0.0,3392.0,-3392.0,130.0,691.0,797.0,1015.0,218.0
6705.0,50.0,จังหวัดเชียงใหม่,5023.0,อำเภอแม่ออน,502304.0,ตำบลห้วยแก้ว,"1,357","1,363",0.0,2667.0,-2667.0,88.0,496.0,631.0,884.0,173.0
6705.0,50.0,จังหวัดเชียงใหม่,5023.0,อำเภอแม่ออน,502305.0,ตำบลแม่ทา,"2,116","2,172",0.0,4274.0,-4274.0,165.0,757.0,1019.0,1469.0,330.0
6705.0,50.0,จังหวัดเชียงใหม่,5023.0,อำเภอแม่ออน,502306.0,ตำบลทาเหนือ,"1,220","1,209",0.0,2426.0,-2426.0,87.0,530.0,600.0,636.0,103.0
6705.0,50.0,จังหวัดเชียงใหม่,5024.0,อำเภอดอยหล่อ,502401.0,ตำบลดอยหล่อ,"5,497","5,867",0.0,11087.0,-11087.0,412.0,2345.0,2671.0,3418.0,783.0
6705.0,50.0,จังหวัดเชียงใหม่,5024.0,อำเภอดอยหล่อ,502402.0,ตำบลสองแคว,"2,113","2,403",0.0,4492.0,-4492.0,127.0,877.0,1031.0,1560.0,375.0
6705.0,50.0,จังหวัดเชียงใหม่,5024.0,อำเภอดอยหล่อ,502403.0,ตำบลยางคราม,"2,380","2,464",0.0,4760.0,-4760.0,130.0,932.0,1004.0,1694.0,396.0
6705.0,50.0,จังหวัดเชียงใหม่,5024.0,อำเภอดอยหล่อ,502404.0,ตำบลสันติสุข,"1,820","1,961",0.0,3646.0,-3646.0,146.0,753.0,816.0,1170.0,311.0
6705.0,50.0,จังหวัดเชียงใหม่,5025.0,อำเภอกัลยาณิวัฒนา,502501.0,ตำบลบ้านจันทร์,"2,333","2,220",0.0,4542.0,-4542.0,228.0,1225.0,1101.0,751.0,190.0
6705.0,50.0,จังหวัดเชียงใหม่,5025.0,อำเภอกัลยาณิวัฒนา,502502.0,ตำบลแม่แดด,"2,275","2,236",0.0,4502.0,-4502.0,282.0,1262.0,920.0,564.0,157.0
6705.0,50.0,จังหวัดเชียงใหม่,5025.0,อำเภอกัลยาณิวัฒนา,502503.0,ตำบลแจ่มหลวง,"2,089","1,906",0.0,3964.0,-3964.0,250.0,1194.0,841.0,601.0,166.0
6705.0,50.0,จังหวัดเชียงใหม่,5040.0,เทศบาลตำบลบวกค้าง,501304.0,ตำบลบวกค้าง,"4,159","4,632",0.0,8657.0,-8657.0,269.0,1852.0,1862.0,2831.0,646.0
6705.0,50.0,จังหวัดเชียงใหม่,5041.0,เทศบาลตำบลบ่อหลวง,501604.0,ตำบลบ่อหลวง,"5,976","5,990",0.0,11897.0,-11897.0,709.0,2793.0,2767.0,2524.0,830.0
6705.0,50.0,จังหวัดเชียงใหม่,5042.0,เทศบาลตำบลป่าไผ่,501412.0,ตำบลป่าไผ่,"7,395","8,301",0.0,15243.0,-15243.0,659.0,3903.0,3609.0,3578.0,675.0
6705.0,50.0,จังหวัดเชียงใหม่,5043.0,เทศบาลตำบลสันนาเม็ง,501404.0,ตำบลสันนาเม็ง,"6,292","7,499",0.0,13300.0,-13300.0,486.0,3238.0,3425.0,3277.0,687.0
6705.0,50.0,จังหวัดเชียงใหม่,5044.0,เทศบาลตำบลสันพระเนตร,501403.0,ตำบลสันพระเนตร,"2,902","3,454",0.0,6230.0,-6230.0,268.0,1379.0,1569.0,1647.0,365.0
6705.0,50.0,จังหวัดเชียงใหม่,5046.0,เทศบาลตำบลสันปูเลย,500502.0,ตำบลสันปูเลย,"8,506","9,888",0.0,18011.0,-18011.0,617.0,4229.0,5051.0,4125.0,851.0
6705.0,50.0,จังหวัดเชียงใหม่,5049.0,เทศบาลตำบลเชิงดอย,500501.0,ตำบลเชิงดอย,"3,837","4,168",0.0,7760.0,-7760.0,277.0,1632.0,1793.0,2262.0,568.0
6705.0,50.0,จังหวัดเชียงใหม่,5050.0,เทศบาลตำบลเมืองนะ,500402.0,ตำบลเมืองนะ,"18,870","19,503",0.0,23388.0,-23388.0,1988.0,6276.0,4089.0,2757.0,617.0
6705.0,50.0,จังหวัดเชียงใหม่,5054.0,เทศบาลตำบลทุ่งข้าวพวง,500407.0,ตำบลทุ่งข้าวพวง,"5,573","5,485",0.0,6496.0,-6496.0,394.0,1570.0,1272.0,1281.0,268.0
6705.0,50.0,จังหวัดเชียงใหม่,5055.0,เทศบาลตำบลปิงโค้ง,500406.0,ตำบลปิงโค้ง,"7,634","6,698",0.0,12173.0,-12173.0,848.0,3194.0,2421.0,2091.0,483.0
6705.0,50.0,จังหวัดเชียงใหม่,5056.0,เทศบาลตำบลพระธาตุปู่ก่ำ,500403.0,ตำบลเมืองงาย,"1,148","1,212",0.0,2008.0,-2008.0,98.0,469.0,413.0,498.0,120.0
6705.0,50.0,จังหวัดเชียงใหม่,5057.0,เทศบาลเมืองแม่เหียะ,500109.0,ตำบลแม่เหียะ,"8,974","10,998",0.0,19466.0,-19466.0,795.0,4427.0,4788.0,5317.0,1295.0
6705.0,50.0,จังหวัดเชียงใหม่,5058.0,เทศบาลตำบลสารภี,501902.0,ตำบลสารภี,"3,089","3,547",0.0,6156.0,-6156.0,225.0,1146.0,1485.0,1971.0,580.0
6705.0,50.0,จังหวัดเชียงใหม่,5059.0,เทศบาลตำบลฟ้าฮ่าม,500114.0,ตำบลฟ้าฮ่าม,"3,270","3,892",0.0,6934.0,-6934.0,254.0,1602.0,1838.0,1839.0,445.0
6705.0,50.0,จังหวัดเชียงใหม่,5060.0,เทศบาลตำบลหนองจ๊อม,501407.0,ตำบลหนองจ๊อม,"7,964","9,581",0.0,16913.0,-16913.0,681.0,3780.0,4400.0,4433.0,1012.0
6705.0,50.0,จังหวัดเชียงใหม่,5061.0,เทศบาลตำบลหนองหอย,500111.0,ตำบลหนองหอย,"3,569","4,359",0.0,7732.0,-7732.0,283.0,1672.0,1787.0,2264.0,663.0
6705.0,50.0,จังหวัดเชียงใหม่,5062.0,เทศบาลตำบลแม่แฝก,501409.0,ตำบลแม่แฝก,"4,187","4,828",0.0,8892.0,-8892.0,259.0,1732.0,1829.0,3170.0,781.0
6705.0,50.0,จังหวัดเชียงใหม่,5063.0,เทศบาลตำบลท่าศาลา,500112.0,ตำบลท่าศาลา,"3,359","3,897",0.0,7007.0,-7007.0,263.0,1445.0,1826.0,1864.0,465.0
6705.0,50.0,จังหวัดเชียงใหม่,5064.0,เทศบาลตำบลหนองผึ้ง,501907.0,ตำบลหนองผึ้ง,"7,501","8,809",0.0,15885.0,-15885.0,610.0,3630.0,4139.0,4092.0,914.0
6705.0,50.0,จังหวัดเชียงใหม่,5065.0,เทศบาลตำบลเจดีย์แม่ครัว,501410.0,ตำบลแม่แฝกใหม่,"4,009","4,449",0.0,8261.0,-8261.0,290.0,1644.0,1996.0,2599.0,540.0
6705.0,50.0,จังหวัดเชียงใหม่,5066.0,เทศบาลตำบลแม่ปั๋ง,501110.0,ตำบลแม่ปั๋ง,"2,936","3,047",0.0,5895.0,-5895.0,230.0,1170.0,1322.0,2038.0,388.0
6705.0,50.0,จังหวัดเชียงใหม่,5067.0,เทศบาลตำบลชมภู,501903.0,ตำบลชมภู,"3,770","4,131",0.0,7742.0,-7742.0,303.0,1651.0,1839.0,2363.0,506.0
6705.0,50.0,จังหวัดเชียงใหม่,5068.0,เทศบาลตำบลป่าแดด,500110.0,ตำบลป่าแดด,"8,215","9,785",0.0,17530.0,-17530.0,707.0,3956.0,4348.0,4577.0,1127.0
6705.0,50.0,จังหวัดเชียงใหม่,5069.0,เทศบาลตำบลสุเทพ,500108.0,ตำบลสุเทพ,"8,259","8,619",0.0,16395.0,-16395.0,788.0,3849.0,4084.0,3952.0,1097.0
6705.0,50.0,จังหวัดเชียงใหม่,5070.0,เทศบาลตำบลหนองป่าครั่ง,500113.0,ตำบลหนองป่าครั่ง,"3,463","3,917",0.0,6878.0,-6878.0,282.0,1490.0,1642.0,1862.0,513.0
6705.0,50.0,จังหวัดเชียงใหม่,5071.0,เทศบาลตำบลแม่วาง,502201.0,ตำบลบ้านกาด,"1,215","1,389",0.0,2547.0,-2547.0,85.0,473.0,556.0,903.0,261.0
6705.0,50.0,จังหวัดเชียงใหม่,5071.0,เทศบาลตำบลแม่วาง,502205.0,ตำบลดอนเปา,905,993,0.0,1865.0,-1865.0,56.0,334.0,441.0,616.0,178.0
6705.0,50.0,จังหวัดเชียงใหม่,5072.0,เทศบาลตำบลไชยปราการ,502101.0,ตำบลปงตำ,"3,675","4,003",0.0,7165.0,-7165.0,311.0,1418.0,1584.0,2175.0,548.0
6705.0,50.0,จังหวัดเชียงใหม่,5072.0,เทศบาลตำบลไชยปราการ,502102.0,ตำบลศรีดงเย็น,"2,732","3,076",0.0,5541.0,-5541.0,194.0,1063.0,1144.0,1816.0,516.0
6705.0,50.0,จังหวัดเชียงใหม่,5072.0,เทศบาลตำบลไชยปราการ,502104.0,ตำบลหนองบัว,835,969,0.0,1754.0,-1754.0,64.0,351.0,365.0,577.0,147.0
6705.0,50.0,จังหวัดเชียงใหม่,5073.0,เทศบาลตำบลยางเนิ้ง,501901.0,ตำบลยางเนิ้ง,"4,583","5,516",0.0,9997.0,-9997.0,356.0,2179.0,2414.0,2864.0,773.0
6705.0,50.0,จังหวัดเชียงใหม่,5073.0,เทศบาลตำบลยางเนิ้ง,501902.0,ตำบลสารภี,281,319,600.0,596.0,4.0,12.0,129.0,152.0,169.0,41.0
6705.0,50.0,จังหวัดเชียงใหม่,5073.0,เทศบาลตำบลยางเนิ้ง,501907.0,ตำบลหนองผึ้ง,120,156,276.0,266.0,10.0,6.0,80.0,72.0,38.0,4.0
6705.0,50.0,จังหวัดเชียงใหม่,5074.0,เทศบาลตำบลอมก๋อย,501801.0,ตำบลอมก๋อย,550,509,0.0,1032.0,-1032.0,45.0,216.0,206.0,269.0,78.0
6705.0,50.0,จังหวัดเชียงใหม่,5075.0,เทศบาลตำบลท่าเดื่อ-มืดกา,501702.0,ตำบลท่าเดื่อ,921,"1,001",0.0,1899.0,-1899.0,80.0,362.0,390.0,542.0,188.0
6705.0,50.0,จังหวัดเชียงใหม่,5075.0,เทศบาลตำบลท่าเดื่อ-มืดกา,501703.0,ตำบลมืดกา,"1,093","1,155",0.0,2248.0,-2248.0,93.0,420.0,526.0,685.0,218.0
6705.0,50.0,จังหวัดเชียงใหม่,5076.0,เทศบาลตำบลท่าข้าม,501601.0,ตำบลหางดง,"2,669","2,915",0.0,5551.0,-5551.0,230.0,1100.0,1324.0,1648.0,384.0
6705.0,50.0,จังหวัดเชียงใหม่,5077.0,เทศบาลตำบลหางดง,501501.0,ตำบลหางดง,"2,985","3,628",0.0,5936.0,-5936.0,229.0,1313.0,1458.0,1717.0,413.0
6705.0,50.0,จังหวัดเชียงใหม่,5078.0,เทศบาลตำบลหนองตองพัฒนา,501504.0,ตำบลหนองตอง,"3,771","4,380",0.0,8105.0,-8105.0,289.0,1586.0,1770.0,2720.0,719.0
6705.0,50.0,จังหวัดเชียงใหม่,5079.0,เทศบาลตำบลสันทรายหลวง,501401.0,ตำบลสันทรายหลวง,"3,890","4,600",0.0,8311.0,-8311.0,287.0,1992.0,1939.0,2247.0,589.0
6705.0,50.0,จังหวัดเชียงใหม่,5079.0,เทศบาลตำบลสันทรายหลวง,501402.0,ตำบลสันทรายน้อย,"8,381","10,246",0.0,18008.0,-18008.0,803.0,3824.0,4732.0,4766.0,1109.0
6705.0,50.0,จังหวัดเชียงใหม่,5079.0,เทศบาลตำบลสันทรายหลวง,501403.0,ตำบลสันพระเนตร,489,564,0.0,1049.0,-1049.0,38.0,199.0,254.0,328.0,84.0
6705.0,50.0,จังหวัดเชียงใหม่,5079.0,เทศบาลตำบลสันทรายหลวง,501412.0,ตำบลป่าไผ่,534,652,0.0,1142.0,-1142.0,51.0,230.0,281.0,335.0,94.0
6705.0,50.0,จังหวัดเชียงใหม่,5080.0,เทศบาลเมืองแม่โจ้,501407.0,ตำบลหนองจ๊อม,"1,160","1,427",0.0,2534.0,-2534.0,90.0,703.0,635.0,568.0,130.0
6705.0,50.0,จังหวัดเชียงใหม่,5080.0,เทศบาลเมืองแม่โจ้,501408.0,ตำบลหนองหาร,"7,607","9,061",0.0,15300.0,-15300.0,1147.0,3766.0,3581.0,3687.0,962.0
6705.0,50.0,จังหวัดเชียงใหม่,5080.0,เทศบาลเมืองแม่โจ้,501412.0,ตำบลป่าไผ่,"1,863","2,238",0.0,3954.0,-3954.0,131.0,939.0,1007.0,1045.0,211.0
6705.0,50.0,จังหวัดเชียงใหม่,5081.0,เทศบาลตำบลสันกำแพง,501301.0,ตำบลสันกำแพง,"4,880","5,804",0.0,10453.0,-10453.0,344.0,2264.0,2309.0,3208.0,960.0
6705.0,50.0,จังหวัดเชียงใหม่,5081.0,เทศบาลตำบลสันกำแพง,501302.0,ตำบลทรายมูล,"1,925","2,139",0.0,4028.0,-4028.0,147.0,831.0,872.0,1261.0,433.0
6705.0,50.0,จังหวัดเชียงใหม่,5081.0,เทศบาลตำบลสันกำแพง,501305.0,ตำบลแช่ช้าง,"1,264","1,462",0.0,2716.0,-2716.0,94.0,572.0,588.0,862.0,224.0
6705.0,50.0,จังหวัดเชียงใหม่,5082.0,เทศบาลเมืองต้นเปา,501312.0,ตำบลต้นเปา,"9,265","11,225",0.0,20079.0,-20079.0,741.0,4620.0,5380.0,5006.0,995.0
6705.0,50.0,จังหวัดเชียงใหม่,5083.0,เทศบาลตำบลสันป่าตอง,501201.0,ตำบลยุหว่า,"1,205","1,422",0.0,2602.0,-2602.0,98.0,480.0,577.0,866.0,320.0
6705.0,50.0,จังหวัดเชียงใหม่,5083.0,เทศบาลตำบลสันป่าตอง,501204.0,ตำบลมะขามหลวง,44,41,85.0,85.0,0.0,5.0,16.0,17.0,30.0,10.0
6705.0,50.0,จังหวัดเชียงใหม่,5083.0,เทศบาลตำบลสันป่าตอง,501210.0,ตำบลทุ่งต้อม,686,859,0.0,1535.0,-1535.0,60.0,265.0,377.0,490.0,179.0
6705.0,50.0,จังหวัดเชียงใหม่,5084.0,เทศบาลตำบลบ้านกลาง,501203.0,ตำบลท่าวังพร้าว,662,808,0.0,1465.0,-1465.0,39.0,273.0,295.0,546.0,121.0
6705.0,50.0,จังหวัดเชียงใหม่,5084.0,เทศบาลตำบลบ้านกลาง,501204.0,ตำบลมะขามหลวง,610,690,0.0,1291.0,-1291.0,46.0,283.0,268.0,430.0,83.0
6705.0,50.0,จังหวัดเชียงใหม่,5084.0,เทศบาลตำบลบ้านกลาง,501207.0,ตำบลบ้านกลาง,"2,735","3,016",0.0,5681.0,-5681.0,228.0,1125.0,1345.0,1755.0,452.0
6705.0,50.0,จังหวัดเชียงใหม่,5084.0,เทศบาลตำบลบ้านกลาง,501215.0,ตำบลมะขุนหวาน,812,964,0.0,1774.0,-1774.0,74.0,350.0,435.0,506.0,136.0
6705.0,50.0,จังหวัดเชียงใหม่,5085.0,เทศบาลตำบลเวียงพร้าว,501101.0,ตำบลเวียง,"1,351","1,643",0.0,2918.0,-2918.0,101.0,558.0,572.0,1027.0,269.0
6705.0,50.0,จังหวัดเชียงใหม่,5085.0,เทศบาลตำบลเวียงพร้าว,501102.0,ตำบลทุ่งหลวง,695,800,0.0,1486.0,-1486.0,48.0,282.0,291.0,549.0,124.0
6705.0,50.0,จังหวัดเชียงใหม่,5086.0,เทศบาลตำบลแม่อาย,501001.0,ตำบลแม่อาย,"3,381","3,610",0.0,5577.0,-5577.0,229.0,1126.0,1123.0,1721.0,456.0
6705.0,50.0,จังหวัดเชียงใหม่,5086.0,เทศบาลตำบลแม่อาย,501007.0,ตำบลมะลิกา,"1,591","1,813",0.0,3281.0,-3281.0,119.0,633.0,718.0,1020.0,285.0
6705.0,50.0,จังหวัดเชียงใหม่,5087.0,เทศบาลตำบลเวียงฝาง,500901.0,ตำบลเวียง,"3,992","4,320",0.0,5664.0,-5664.0,171.0,1110.0,1166.0,1805.0,577.0
6705.0,50.0,จังหวัดเชียงใหม่,5088.0,เทศบาลตำบลบ้านแม่ข่า,500911.0,ตำบลแม่ข่า,889,938,0.0,1783.0,-1783.0,67.0,363.0,348.0,632.0,151.0
6705.0,50.0,จังหวัดเชียงใหม่,5089.0,เทศบาลตำบลสะเมิงใต้,500801.0,ตำบลสะเมิงใต้,"2,633","2,678",0.0,5011.0,-5011.0,206.0,1036.0,1077.0,1431.0,442.0
6705.0,50.0,จังหวัดเชียงใหม่,5090.0,เทศบาลตำบลแม่ริม,500701.0,ตำบลริมใต้,"3,867","4,444",0.0,8182.0,-8182.0,259.0,1502.0,1798.0,2626.0,953.0
6705.0,50.0,จังหวัดเชียงใหม่,5090.0,เทศบาลตำบลแม่ริม,500709.0,ตำบลแม่สา,379,451,830.0,809.0,21.0,29.0,132.0,175.0,254.0,119.0
6705.0,50.0,จังหวัดเชียงใหม่,5091.0,เทศบาลตำบลสันมหาพน,500601.0,ตำบลสันมหาพน,"2,937","3,349",0.0,6063.0,-6063.0,179.0,1156.0,1452.0,1968.0,551.0
6705.0,50.0,จังหวัดเชียงใหม่,5091.0,เทศบาลตำบลสันมหาพน,500603.0,ตำบลขี้เหล็ก,882,"1,021",0.0,1755.0,-1755.0,75.0,346.0,421.0,526.0,130.0
6705.0,50.0,จังหวัดเชียงใหม่,5092.0,เทศบาลเมืองเมืองแกนพัฒนา,500604.0,ตำบลช่อแล,"1,905","2,191",0.0,4050.0,-4050.0,115.0,697.0,874.0,1459.0,421.0
6705.0,50.0,จังหวัดเชียงใหม่,5092.0,เทศบาลเมืองเมืองแกนพัฒนา,500613.0,ตำบลอินทขิล,"3,726","4,122",0.0,7731.0,-7731.0,233.0,1505.0,1666.0,2781.0,602.0
6705.0,50.0,จังหวัดเชียงใหม่,5093.0,เทศบาลตำบลดอยสะเก็ด,500501.0,ตำบลเชิงดอย,"1,783","2,042",0.0,3652.0,-3652.0,125.0,724.0,835.0,1173.0,366.0
6705.0,50.0,จังหวัดเชียงใหม่,5093.0,เทศบาลตำบลดอยสะเก็ด,500503.0,ตำบลลวงเหนือ,33,45,78.0,77.0,1.0,2.0,18.0,12.0,30.0,9.0
6705.0,50.0,จังหวัดเชียงใหม่,5093.0,เทศบาลตำบลดอยสะเก็ด,500504.0,ตำบลป่าป้อง,35,55,90.0,78.0,12.0,4.0,8.0,20.0,30.0,5.0
6705.0,50.0,จังหวัดเชียงใหม่,5094.0,เทศบาลตำบลเมืองงาย,500403.0,ตำบลเมืองงาย,"1,742","2,000",0.0,3591.0,-3591.0,120.0,695.0,727.0,1122.0,421.0
6705.0,50.0,จังหวัดเชียงใหม่,5095.0,เทศบาลตำบลเชียงดาว,500401.0,ตำบลเชียงดาว,"1,738","2,003",0.0,3666.0,-3666.0,124.0,707.0,776.0,1214.0,376.0
6705.0,50.0,จังหวัดเชียงใหม่,5096.0,เทศบาลตำบลแม่แจ่ม,500301.0,ตำบลช่างเคิ่ง,"1,248","1,297",0.0,2504.0,-2504.0,89.0,481.0,536.0,793.0,236.0
6705.0,50.0,จังหวัดเชียงใหม่,5097.0,เทศบาลตำบลจอมทอง,500203.0,ตำบลบ้านหลวง,"1,416","1,597",0.0,2981.0,-2981.0,92.0,530.0,690.0,938.0,369.0
6705.0,50.0,จังหวัดเชียงใหม่,5097.0,เทศบาลตำบลจอมทอง,500204.0,ตำบลข่วงเปา,"2,078","2,472",0.0,4533.0,-4533.0,136.0,846.0,1018.0,1365.0,480.0
6705.0,50.0,จังหวัดเชียงใหม่,5097.0,เทศบาลตำบลจอมทอง,500207.0,ตำบลดอยแก้ว,626,750,0.0,1366.0,-1366.0,46.0,249.0,301.0,408.0,180.0
6705.0,50.0,จังหวัดเชียงใหม่,5098.0,เทศบาลตำบลช้างเผือก,500107.0,ตำบลช้างเผือก,"4,117","4,647",0.0,8432.0,-8432.0,269.0,1739.0,2095.0,2251.0,963.0
6705.0,50.0,จังหวัดเชียงใหม่,5099.0,เทศบาลนครเชียงใหม่,500101.0,ตำบลศรีภูมิ,"5,395","6,092",0.0,9959.0,-9959.0,345.0,1905.0,2213.0,2958.0,1424.0
6705.0,50.0,จังหวัดเชียงใหม่,5099.0,เทศบาลนครเชียงใหม่,500102.0,ตำบลพระสิงห์,"2,803","3,130",0.0,5844.0,-5844.0,244.0,1095.0,1252.0,1646.0,893.0
6705.0,50.0,จังหวัดเชียงใหม่,5099.0,เทศบาลนครเชียงใหม่,500103.0,ตำบลหายยา,"5,285","6,104",0.0,11234.0,-11234.0,435.0,2155.0,2496.0,3389.0,1301.0
6705.0,50.0,จังหวัดเชียงใหม่,5099.0,เทศบาลนครเชียงใหม่,500104.0,ตำบลช้างม่อย,"3,230","3,619",0.0,5362.0,-5362.0,165.0,939.0,1054.0,1641.0,995.0
6705.0,50.0,จังหวัดเชียงใหม่,5099.0,เทศบาลนครเชียงใหม่,500105.0,ตำบลช้างคลาน,"5,733","6,758",0.0,11626.0,-11626.0,489.0,2259.0,2623.0,3252.0,1461.0
6705.0,50.0,จังหวัดเชียงใหม่,5099.0,เทศบาลนครเชียงใหม่,500106.0,ตำบลวัดเกต,"9,209","8,670",0.0,17114.0,-17114.0,1133.0,3862.0,3599.0,4564.0,2110.0
6705.0,50.0,จังหวัดเชียงใหม่,5099.0,เทศบาลนครเชียงใหม่,500107.0,ตำบลช้างเผือก,"6,045","7,176",0.0,12781.0,-12781.0,491.0,2548.0,3161.0,3484.0,1413.0
6705.0,50.0,จังหวัดเชียงใหม่,5099.0,เทศบาลนครเชียงใหม่,500108.0,ตำบลสุเทพ,"4,337","5,237",0.0,9363.0,-9363.0,1023.0,2642.0,2086.0,1997.0,697.0
6705.0,50.0,จังหวัดเชียงใหม่,5099.0,เทศบาลนครเชียงใหม่,500110.0,ตำบลป่าแดด,706,824,0.0,1508.0,-1508.0,79.0,275.0,407.0,426.0,132.0
6705.0,50.0,จังหวัดเชียงใหม่,5099.0,เทศบาลนครเชียงใหม่,500111.0,ตำบลหนองหอย,"2,634","3,213",0.0,5772.0,-5772.0,199.0,1160.0,1487.0,1638.0,559.0
6705.0,50.0,จังหวัดเชียงใหม่,5099.0,เทศบาลนครเชียงใหม่,500112.0,ตำบลท่าศาลา,"2,475","2,980",0.0,5389.0,-5389.0,225.0,1118.0,1335.0,1602.0,434.0
6705.0,50.0,จังหวัดเชียงใหม่,5099.0,เทศบาลนครเชียงใหม่,500113.0,ตำบลหนองป่าครั่ง,735,846,0.0,1530.0,-1530.0,54.0,314.0,372.0,440.0,165.0
6705.0,50.0,จังหวัดเชียงใหม่,5099.0,เทศบาลนครเชียงใหม่,500114.0,ตำบลฟ้าฮ่าม,410,491,901.0,840.0,61.0,24.0,169.0,184.0,265.0,93.0
6705.0,50.0,จังหวัดเชียงใหม่,5099.0,เทศบาลนครเชียงใหม่,500115.0,ตำบลป่าตัน,"4,601","5,468",0.0,9876.0,-9876.0,409.0,2110.0,2613.0,2604.0,704.0
,,,,,,,,,0.0,0.0,0.0,0.0,0.0,0.0,0.0,0.0
